mw_statistic,mw_pvalue,ks_statistic,ks_pvalue,cohens_d,ic_mean,ic_std,null_mean,null_std,observed_mean,observed_std,observed_positive_mean
22453.0,9.33497430635732e-51,0.9666666666666667,4.177239684184516e-79,3.7644131313498908,24.0,4.148259115734596,12.52,1.1799215080252885,6.065420560747664,82.39805262262395,72.23809523809524
