autocorrelations,trends,variability,stationarity
0.5405990903776261,"{'slope': 2.5879120879120876, 'r_squared': 0.31096996848821956, 'p_value': 0.047683915048349124}",0.5502383327869708,True
0.45428274667960716,"{'slope': 6.895604395604396, 'r_squared': 0.4247081290272478, 'p_value': 0.015805512681744356}",0.975760267493621,True
0.32719184355437486,"{'slope': -0.0012419636176865668, 'r_squared': 0.25693881984622813, 'p_value': 0.07707966980862344}",0.38282641410088497,True
0.5137799427323835,"{'slope': 0.2094074431573399, 'r_squared': 0.5156772560353402, 'p_value': 0.005700046751760181}",0.5549305701770597,True
0.18015229956742732,"{'slope': 0.002018709365059016, 'r_squared': 0.28714364968769174, 'p_value': 0.05909004299724799}",1.0492328230835672,True
