mw_statistic,mw_pvalue,ks_statistic,ks_pvalue,cohens_d,ic_mean,ic_std,null_mean,null_std,observed_mean,observed_std,observed_positive_mean
21648.0,1.7330140947718073e-46,0.8533333333333334,2.705331022529311e-56,1.8741109262335574,12.513333333333334,3.4886905808168325,7.833333333333333,0.5485388359871429,-24.076923076923077,70.26888528585208,64.84210526315789
