mw_statistic,mw_pvalue,ks_statistic,ks_pvalue,cohens_d,ic_mean,ic_std,null_mean,null_std,observed_mean,observed_std,observed_positive_mean
22312.0,1.3606475932185412e-49,0.9133333333333333,4.1955747247535705e-67,2.665945100349952,17.846666666666668,3.29477248487196,11.22,1.2254022760934604,47.716981132075475,110.50453597386688,82.77333333333333
