{
  "month": "2025-10",
  "degree_distribution": {
    "power_law_alpha": 1.0684844957763409,
    "r_squared": 0.8619889149754524,
    "is_power_law": false,
    "mean_degree": 4.535714285714286,
    "median_degree": 3.0,
    "max_degree": 17.0,
    "degree_variance": 16.141581632653065,
    "interpretation": "Alpha=1.07, R\u00b2=0.862. Does not follow power-law."
  },
  "community_homophily": {
    "within_comm_similarity": 0.33746571927200203,
    "between_comm_similarity": 0.30160052910052904,
    "homophily_ratio": 1.1189162044192518,
    "nmi": 0.3166476641200081,
    "interpretation": "Homophily ratio of 1.12 indicates moderate topical clustering."
  },
  "temporal_stability": {
    "autocorrelations": {
      "n": 0.5405990903776261,
      "m": 0.45428274667960716,
      "avg_w": 0.23533192242182285,
      "avg_deg": 0.5137799427323835,
      "cc": 0.13028643815598767
    },
    "trends": {
      "n": {
        "slope": 2.5879120879120876,
        "r_squared": 0.31096996848821956,
        "p_value": 0.047683915048349124
      },
      "m": {
        "slope": 6.895604395604396,
        "r_squared": 0.4247081290272478,
        "p_value": 0.015805512681744356
      },
      "avg_w": {
        "slope": -0.0007395795255571118,
        "r_squared": 0.13248970109135297,
        "p_value": 0.22146330574867384
      },
      "avg_deg": {
        "slope": 0.2094074431573399,
        "r_squared": 0.5156772560353402,
        "p_value": 0.005700046751760181
      },
      "cc": {
        "slope": 0.002491936517426543,
        "r_squared": 0.2914286607838112,
        "p_value": 0.05687345605952589
      }
    },
    "variability": {
      "n": 0.5502383327869708,
      "m": 0.975760267493621,
      "avg_w": 0.36692386814824385,
      "avg_deg": 0.5549305701770597,
      "cc": 1.084555492124213
    },
    "stationarity": {
      "n": true,
      "m": true,
      "avg_w": true,
      "avg_deg": true,
      "cc": true
    }
  }
}