autocorrelations,trends,variability,stationarity
0.5405990903776261,"{'slope': 2.5879120879120876, 'r_squared': 0.31096996848821956, 'p_value': 0.047683915048349124}",0.5502383327869708,True
0.45428274667960716,"{'slope': 6.895604395604396, 'r_squared': 0.4247081290272478, 'p_value': 0.015805512681744356}",0.975760267493621,True
0.23533192242182285,"{'slope': -0.0007395795255571118, 'r_squared': 0.13248970109135297, 'p_value': 0.22146330574867384}",0.36692386814824385,True
0.5137799427323835,"{'slope': 0.2094074431573399, 'r_squared': 0.5156772560353402, 'p_value': 0.005700046751760181}",0.5549305701770597,True
0.13028643815598767,"{'slope': 0.002491936517426543, 'r_squared': 0.2914286607838112, 'p_value': 0.05687345605952589}",1.084555492124213,True
