mw_statistic,mw_pvalue,ks_statistic,ks_pvalue,cohens_d,ic_mean,ic_std,null_mean,null_std,observed_mean,observed_std,observed_positive_mean
22499.0,3.9140184556175246e-51,0.9933333333333333,6.399337692587972e-87,3.3911425044590953,22.033333333333335,3.3786075259369315,13.426666666666666,1.2115034016336983,38.84375,97.5516499335706,78.64285714285714
